rank,feature,mean_abs_shap
1,cross_lon_saturn,0.111789
2,t_d12_jupiter_sign,0.104072
3,t_dist_jupiter_saturn,0.102685
4,t_d12_rahu_deg,0.099689
5,t_aspect_orb_ketu_moon,0.084671
6,t_house_pos_jupiter,0.080300
7,cross_lon_rahu,0.072887
8,t_d10_venus_deg,0.065488
9,t_aspect_orb_moon_venus,0.064893
10,cross_lon_mercury,0.064843
11,active_pd_lord,0.062332
12,t_final_dispositor,0.061244
13,t_nak_pos_moon,0.059666
14,active_ad_lord,0.059516
15,t_aspect_orb_moon_mercury,0.059174
16,md_elapsed_years,0.058952
17,t_jerk_jupiter,0.057151
18,t_sav_house_1,0.052418
19,t_d12_mercury_deg,0.052270
20,t_dist_mercury_venus,0.050841
21,active_md_lord,0.050597
22,t_house_pos_saturn,0.049387
23,t_d12_mars_deg,0.047904
24,t_d9_rahu_deg,0.046329
25,t_house_pos_moon,0.045880
26,t_d9_saturn_deg,0.045734
27,t_d3_jupiter_sign,0.043738
28,t_vel_moon,0.042345
29,t_d9_jupiter_deg,0.042062
30,t_d12_sun_deg,0.040351
31,t_lat_sun,0.039804
32,t_d10_mercury_deg,0.039505
33,t_d12_mercury_sign,0.037705
34,t_house_pos_rahu,0.037679
35,t_aspect_orb_mars_sun,0.037651
36,t_aspect_orb_mars_moon,0.036803
37,t_d12_saturn_deg,0.035732
38,t_aspect_orb_rahu_moon,0.035618
39,t_aspect_orb_venus_rahu,0.035541
40,t_dec_mercury,0.035529
41,t_aspect_orb_saturn_ketu,0.034844
42,t_house_pos_mars,0.034729
43,t_aspect_orb_moon_jupiter,0.034379
44,t_d7_mercury_sign,0.033871
45,t_d10_sun_deg,0.033729
46,t_d10_mars_sign,0.033667
47,t_dist_moon_mercury,0.033535
48,t_aspect_orb_ketu_mercury,0.032265
49,t_d30_jupiter_sign,0.032143
50,t_d24_venus_sign,0.031729
51,t_nak_pos_jupiter,0.031689
52,t_aspect_orb_sun_saturn,0.031350
53,t_aspect_orb_ketu_mars,0.030792
54,t_aspect_orb_saturn_sun,0.030507
55,t_d10_saturn_deg,0.030043
56,t_disp_depth_mars,0.029721
57,t_dist_venus_saturn,0.029174
58,t_dist_mars_venus,0.028880
59,t_dispositor_mars,0.028660
60,t_aspect_orb_jupiter_sun,0.028164
61,t_d9_moon_deg,0.027782
62,t_acc_mercury,0.027774
63,cross_lon_jupiter,0.027638
64,acc_rahu,0.027575
65,t_aspect_orb_ketu_saturn,0.027450
66,t_aspect_orb_jupiter_rahu,0.026767
67,t_aspect_orb_sun_moon,0.026764
68,acc_jupiter,0.026688
69,t_dist_mars_saturn,0.026631
70,t_aspect_orb_rahu_mercury,0.026496
71,t_nak_pos_mercury,0.026430
72,t_aspect_orb_mars_ketu,0.026339
73,t_tattva_moon,0.026161
74,t_tattva_mars,0.025515
75,t_aspect_orb_mars_mercury,0.025265
76,t_vel_mars,0.025065
77,t_house_from_moon_saturn,0.024921
78,t_lat_mars,0.024578
79,t_acc_moon,0.024268
80,t_aspect_orb_saturn_mars,0.023982
81,transit_bav_saturn,0.023862
82,t_dispositor_moon,0.023827
83,t_aspect_orb_mercury_jupiter,0.023621
84,t_dist_mercury_jupiter,0.023318
85,t_dist_mercury_saturn,0.023193
86,t_aspect_orb_mars_jupiter,0.023109
87,t_aspect_orb_rahu_mars,0.022896
88,t_tattva_saturn,0.022845
89,t_d30_saturn_sign,0.022825
90,t_d9_venus_sign,0.022332
91,t_d30_moon_sign,0.022083
92,t_dist_moon_saturn,0.022040
93,t_aspect_orb_rahu_sun,0.021953
94,t_aspect_orb_saturn_moon,0.021728
95,pd_elapsed_years,0.021691
96,t_sav_house_10,0.021665
97,t_dist_sun_moon,0.020927
98,nak_pos_saturn,0.020842
99,cross_lon_venus,0.020816
100,t_d9_mars_deg,0.020642
101,t_jerk_rahu,0.020561
102,t_dist_moon_rahu,0.019909
103,t_aspect_orb_mars_rahu,0.019805
104,t_nak_pos_venus,0.019790
105,t_lat_venus,0.019696
106,t_aspect_orb_moon_saturn,0.019676
107,t_d24_jupiter_sign,0.019513
108,t_acc_sun,0.019131
109,t_d2_sun_sign,0.019081
110,dist_mars_venus,0.019033
111,cross_lon_sun,0.018942
112,t_d10_jupiter_deg,0.018924
113,t_tattva_venus,0.018841
114,t_acc_jupiter,0.018777
115,t_nak_pos_saturn,0.018765
116,t_house_from_moon_mars,0.018708
117,t_dist_moon_ketu,0.018496
118,t_aspect_orb_jupiter_ketu,0.018485
119,t_dispositor_saturn,0.018277
120,t_aspect_orb_saturn_venus,0.018211
121,t_d10_moon_deg,0.018192
122,t_dec_venus,0.018154
123,t_d10_moon_sign,0.017897
124,cross_lon_moon,0.017873
125,t_aspect_orb_venus_mars,0.017570
126,t_d10_mercury_sign,0.017497
127,t_dispositor_venus,0.017409
128,house_pos_rahu,0.017391
129,t_sav_house_9,0.017355
130,t_dist_sun_saturn,0.017297
131,t_house_pos_venus,0.017276
132,t_lat_moon,0.017050
133,final_dispositor,0.017047
134,dist_mercury_venus,0.016955
135,t_lat_mercury,0.016675
136,t_d24_sun_sign,0.016612
137,t_d10_mars_deg,0.016342
138,t_dist_moon_mars,0.016340
139,t_d10_rahu_deg,0.016321
140,t_aspect_orb_mercury_saturn,0.016246
141,t_aspect_orb_rahu_venus,0.016164
142,t_acc_rahu,0.015965
143,d12_moon_deg,0.015847
144,aspect_orb_mars_sun,0.015839
145,t_dist_jupiter_rahu,0.015804
146,t_aspect_orb_jupiter_moon,0.015770
147,t_d24_mars_sign,0.015734
148,t_house_mars,0.015650
149,aspect_orb_mars_rahu,0.015528
150,d30_mercury_sign,0.015432
151,vel_mercury,0.015411
152,lat_moon,0.015406
153,t_nak_pos_sun,0.015406
154,t_d12_venus_deg,0.015375
155,t_vel_rahu,0.015316
156,t_house_pos_ketu,0.015286
157,cross_lon_mars,0.015191
158,t_acc_venus,0.015050
159,t_dec_rahu,0.014974
160,aspect_orb_ketu_venus,0.014655
161,t_aspect_orb_jupiter_mercury,0.014640
162,t_dist_mars_rahu,0.014605
163,t_d3_saturn_sign,0.014603
164,t_aspect_orb_jupiter_venus,0.014561
165,t_lon_saturn,0.014540
166,t_aspect_orb_saturn_rahu,0.014530
167,acc_venus,0.014492
168,nak_pos_jupiter,0.014342
169,aspect_orb_saturn_jupiter,0.014247
170,t_d9_mercury_deg,0.014033
171,t_d4_jupiter_sign,0.014008
172,t_aspect_orb_mercury_rahu,0.013939
173,lon_moon,0.013849
174,t_dec_saturn,0.013606
175,aspect_orb_jupiter_venus,0.013577
176,dist_sun_rahu,0.013571
177,t_aspect_orb_jupiter_saturn,0.013558
178,t_aspect_orb_mars_venus,0.013391
179,t_d4_sun_sign,0.013330
180,t_d4_moon_sign,0.013211
181,t_vel_mercury,0.013203
182,t_dispositor_jupiter,0.013189
183,t_bav_in_sign_venus,0.013156
184,aspect_orb_moon_rahu,0.013023
185,t_d30_mars_sign,0.012906
186,t_d10_jupiter_sign,0.012903
187,dispositor_venus,0.012826
188,t_dec_jupiter,0.012756
189,t_combust_mars,0.012553
190,dispositor_rahu,0.012535
191,lat_mars,0.012483
192,house_from_sun_jupiter,0.012476
193,t_tattva_sun,0.012399
194,t_dist_sun_venus,0.012321
195,t_aspect_orb_saturn_mercury,0.012303
196,t_d4_mercury_sign,0.012231
197,t_aspect_orb_saturn_jupiter,0.012223
198,t_yoga_angle,0.012219
199,t_vel_saturn,0.012197
200,house_from_moon_jupiter,0.012055
201,transit_bav_jupiter,0.012027
202,dist_jupiter_rahu,0.012015
203,lat_venus,0.011935
204,t_nak_pos_ketu,0.011919
205,t_panchanga_vara,0.011900
206,t_disp_depth_moon,0.011853
207,t_lat_jupiter,0.011830
208,dist_jupiter_saturn,0.011811
209,lat_saturn,0.011795
210,t_d9_venus_deg,0.011795
211,transit_bav_venus,0.011722
212,t_d9_moon_sign,0.011658
213,t_d9_saturn_sign,0.011583
214,t_bav_in_sign_mars,0.011435
215,dispositor_sun,0.011393
216,house_pos_mars,0.011384
217,d10_venus_sign,0.011213
218,acc_moon,0.011187
219,aspect_orb_saturn_moon,0.011182
220,t_nak_pos_mars,0.011062
221,aspect_orb_moon_mars,0.011054
222,first_rahu_antardasha_after_16,0.011012
223,dasha_start_age_jupiter,0.010953
224,house_pos_ketu,0.010920
225,t_dist_mars_mercury,0.010885
226,t_d10_sun_sign,0.010788
227,t_drishti_mars_moon,0.010782
228,t_d7_venus_sign,0.010770
229,dist_sun_moon,0.010670
230,t_lon_rahu,0.010630
231,t_aspect_orb_mercury_mars,0.010541
232,t_d12_mars_sign,0.010454
233,t_jerk_saturn,0.010386
234,d10_venus_deg,0.010252
235,transit_bav_mars,0.010174
236,d9_mercury_deg,0.010142
237,t_house_from_moon_sun,0.010137
238,t_dist_saturn_ketu,0.010136
239,t_house_from_moon_jupiter,0.010106
240,aspect_orb_venus_jupiter,0.010093
241,d12_rahu_deg,0.010081
242,d7_venus_sign,0.010048
243,nak_pos_mercury,0.010043
244,d10_mars_deg,0.009992
245,t_dispositor_sun,0.009903
246,aspect_orb_mars_moon,0.009837
247,vel_mars,0.009816
248,sav_house_10,0.009809
249,first_venus_antardasha_after_16,0.009763
250,dasha_start_age_ketu,0.009648
251,lagna_degree_in_sign,0.009549
252,t_combust_jupiter,0.009445
253,t_d3_rahu_sign,0.009413
254,dist_venus_saturn,0.009408
255,d10_rahu_deg,0.009313
256,d9_sun_deg,0.009301
257,dispositor_saturn,0.009279
258,house_pos_jupiter,0.009262
259,t_sav_house_7,0.009188
260,d9_mercury_sign,0.009147
261,t_lon_jupiter,0.009099
262,t_house_from_sun_moon,0.009067
263,d24_moon_sign,0.009014
264,aspect_orb_sun_mars,0.009004
265,t_nak_pos_rahu,0.008990
266,t_d3_sun_sign,0.008968
267,lat_mercury,0.008949
268,t_d7_saturn_sign,0.008893
269,lon_sun,0.008869
270,d9_rahu_sign,0.008818
271,dispositor_jupiter,0.008774
272,dispositor_ketu,0.008690
273,t_aspect_orb_ketu_venus,0.008633
274,t_sav_house_11,0.008624
275,tattva_moon,0.008414
276,d24_mars_sign,0.008401
277,d10_mercury_deg,0.008329
278,aspect_orb_rahu_mercury,0.008283
279,d10_moon_sign,0.008280
280,tattva_mars,0.008223
281,transit_bav_mercury,0.008214
282,yoga_angle,0.008195
283,t_dist_venus_rahu,0.008156
284,aspect_orb_sun_moon,0.008131
285,t_d9_sun_deg,0.008090
286,first_sun_antardasha_after_16,0.008084
287,t_lon_mars,0.008080
288,t_d12_sun_sign,0.008078
289,t_lon_sun,0.008063
290,t_sav_house_3,0.007959
291,t_dist_jupiter_venus,0.007908
292,t_house_pos_mercury,0.007877
293,t_aspect_orb_sun_jupiter,0.007871
294,d7_jupiter_sign,0.007866
295,t_tattva_jupiter,0.007795
296,dasha_start_age_moon,0.007718
297,d12_saturn_sign,0.007713
298,first_saturn_antardasha_after_16,0.007697
299,t_dist_sun_ketu,0.007688
300,vel_sun,0.007670
301,t_disp_depth_ketu,0.007658
302,nak_pos_mars,0.007646
303,dist_moon_mars,0.007554
304,dist_mars_saturn,0.007531
305,t_d4_mars_sign,0.007515
306,d9_saturn_deg,0.007491
307,t_dist_sun_rahu,0.007475
308,t_d9_rahu_sign,0.007464
309,tattva_mercury,0.007458
310,t_dec_mars,0.007456
311,t_drishti_saturn_sun,0.007360
312,aspect_orb_mars_ketu,0.007323
313,t_dist_mars_jupiter,0.007293
314,t_dispositor_mercury,0.007257
315,t_acc_mars,0.007250
316,aspect_orb_rahu_moon,0.007216
317,t_aspect_orb_rahu_saturn,0.007185
318,t_acc_saturn,0.007146
319,dec_mercury,0.007080
320,t_aspect_orb_jupiter_mars,0.007055
321,t_dist_sun_mars,0.007033
322,aspect_orb_rahu_saturn,0.007031
323,aspect_orb_saturn_rahu,0.007026
324,t_sav_house_12,0.007018
325,t_dist_moon_jupiter,0.006915
326,dist_moon_saturn,0.006752
327,d12_mars_deg,0.006701
328,dist_mercury_jupiter,0.006692
329,lon_mars,0.006676
330,vel_moon,0.006675
331,first_jupiter_antardasha_after_16,0.006657
332,t_d30_rahu_sign,0.006653
333,dec_jupiter,0.006653
334,t_aspect_orb_moon_rahu,0.006625
335,house_from_moon_mars,0.006616
336,d10_moon_deg,0.006615
337,t_d7_sun_sign,0.006565
338,lon_jupiter,0.006520
339,transit_bav_sun,0.006501
340,t_panchanga_yoga,0.006480
341,dispositor_mars,0.006464
342,t_sav_house_8,0.006460
343,t_d10_venus_sign,0.006458
344,t_aspect_orb_venus_saturn,0.006446
345,house_from_sun_mars,0.006441
346,dist_venus_rahu,0.006439
347,tattva_sun,0.006423
348,t_d12_venus_sign,0.006413
349,tattva_saturn,0.006392
350,lon_ketu,0.006385
351,dist_sun_jupiter,0.006340
352,t_dispositor_rahu,0.006337
353,t_dist_sun_mercury,0.006249
354,house_from_sun_saturn,0.006248
355,t_dist_mars_ketu,0.006223
356,acc_mercury,0.006209
357,t_aspect_orb_venus_jupiter,0.006196
358,t_d3_mars_sign,0.006183
359,aspect_orb_mercury_rahu,0.006172
360,dec_mars,0.006168
361,dasha_start_age_saturn,0.006149
362,d9_mars_sign,0.006113
363,aspect_orb_mercury_mars,0.006105
364,t_d4_venus_sign,0.006102
365,t_house_from_moon_rahu,0.006097
366,dasha_start_age_mars,0.006079
367,dist_jupiter_venus,0.006071
368,aspect_orb_saturn_mars,0.006051
369,t_vel_venus,0.006035
370,t_lagna_lon,0.006024
371,jerk_rahu,0.006011
372,t_d12_rahu_sign,0.005972
373,dist_sun_mercury,0.005960
374,t_aspect_orb_sun_mars,0.005881
375,tattva_venus,0.005869
376,dec_rahu,0.005858
377,house_pos_mercury,0.005853
378,aspect_orb_ketu_sun,0.005821
379,vel_saturn,0.005794
380,t_aspect_orb_ketu_sun,0.005794
381,dist_saturn_rahu,0.005732
382,t_tattva_mercury,0.005726
383,d3_rahu_sign,0.005718
384,aspect_orb_sun_saturn,0.005697
385,aspect_orb_venus_mars,0.005679
386,d9_moon_deg,0.005641
387,d24_jupiter_sign,0.005624
388,t_lat_saturn,0.005577
389,d9_mars_deg,0.005574
390,t_d4_saturn_sign,0.005532
391,t_dec_moon,0.005523
392,d30_rahu_sign,0.005468
393,d7_saturn_sign,0.005440
394,t_d7_jupiter_sign,0.005412
395,t_house_from_moon_ketu,0.005391
396,t_lon_venus,0.005388
397,dispositor_mercury,0.005317
398,aspect_orb_mercury_jupiter,0.005311
399,lon_venus,0.005254
400,d7_moon_sign,0.005203
401,first_mercury_antardasha_after_16,0.005140
402,aspect_orb_moon_saturn,0.005119
403,sav_house_11,0.005110
404,aspect_orb_jupiter_moon,0.005072
405,dist_moon_rahu,0.005038
406,t_lon_ketu,0.005035
407,dist_sun_venus,0.005030
408,d30_jupiter_sign,0.004985
409,d10_saturn_deg,0.004937
410,sav_house_4,0.004919
411,t_aspect_orb_sun_rahu,0.004906
412,t_d12_moon_deg,0.004867
413,d30_mars_sign,0.004860
414,d12_jupiter_deg,0.004836
415,t_tattva_ketu,0.004827
416,t_dist_venus_ketu,0.004791
417,aspect_orb_jupiter_mars,0.004767
418,lon_saturn,0.004754
419,aspect_orb_moon_mercury,0.004751
420,nak_pos_venus,0.004731
421,aspect_orb_mars_saturn,0.004727
422,d3_saturn_sign,0.004720
423,aspect_orb_saturn_ketu,0.004669
424,sade_sati_active,0.004645
425,tattva_jupiter,0.004633
426,aspect_orb_ketu_mars,0.004615
427,aspect_orb_jupiter_rahu,0.004612
428,dist_mars_mercury,0.004595
429,aspect_orb_mars_jupiter,0.004570
430,aspect_orb_saturn_sun,0.004552
431,house_pos_sun,0.004535
432,t_sav_house_5,0.004523
433,lagna_lon,0.004477
434,nak_pos_moon,0.004463
435,d4_jupiter_sign,0.004463
436,house_from_moon_saturn,0.004457
437,dispositor_moon,0.004446
438,t_d10_saturn_sign,0.004414
439,acc_sun,0.004413
440,aspect_orb_saturn_mercury,0.004412
441,t_d10_rahu_sign,0.004361
442,house_venus,0.004354
443,d3_sun_sign,0.004336
444,d12_moon_sign,0.004295
445,sav_house_1,0.004256
446,t_dist_sun_jupiter,0.004254
447,d9_saturn_sign,0.004252
448,t_drishti_jupiter_mercury,0.004231
449,t_house_pos_sun,0.004231
450,t_lon_moon,0.004217
451,house_from_moon_mercury,0.004205
452,t_d2_mercury_sign,0.004160
453,t_drishti_rahu_moon,0.004155
454,panchanga_yoga,0.004144
455,d30_sun_sign,0.004125
456,d12_sun_deg,0.004100
457,aspect_orb_jupiter_mercury,0.004061
458,vel_jupiter,0.004057
459,vel_venus,0.004051
460,t_lagna_degree_in_sign,0.004023
461,t_d30_venus_sign,0.004018
462,d10_sun_deg,0.003972
463,t_d12_moon_sign,0.003952
464,d10_sun_sign,0.003913
465,dist_jupiter_ketu,0.003912
466,aspect_orb_sun_rahu,0.003909
467,t_aspect_orb_mars_saturn,0.003872
468,aspect_orb_ketu_moon,0.003805
469,house_mars,0.003757
470,house_from_moon_rahu,0.003736
471,drishti_saturn_moon,0.003729
472,nak_pos_sun,0.003717
473,jerk_jupiter,0.003707
474,d10_saturn_sign,0.003697
475,aspect_orb_jupiter_ketu,0.003688
476,d4_ketu_sign,0.003686
477,d4_mercury_sign,0.003683
478,dist_moon_mercury,0.003683
479,bav_in_sign_moon,0.003650
480,first_moon_antardasha_after_16,0.003597
481,aspect_orb_mars_mercury,0.003587
482,aspect_orb_jupiter_sun,0.003583
483,d9_ketu_sign,0.003517
484,d24_saturn_sign,0.003516
485,aspect_orb_ketu_mercury,0.003516
486,d2_mars_sign,0.003510
487,aspect_orb_mercury_saturn,0.003503
488,t_d12_saturn_sign,0.003492
489,dist_mars_rahu,0.003481
490,natal_dasha_remaining_years,0.003474
491,aspect_orb_mars_venus,0.003469
492,d30_moon_sign,0.003447
493,aspect_orb_moon_venus,0.003421
494,t_d12_jupiter_deg,0.003417
495,drishti_rahu_sun,0.003369
496,house_pos_venus,0.003338
497,t_d9_sun_sign,0.003323
498,d12_venus_deg,0.003321
499,t_aspect_orb_moon_mars,0.003311
500,aspect_orb_rahu_mars,0.003282
501,t_d3_mercury_sign,0.003190
502,d4_mars_sign,0.003190
503,aspect_orb_moon_jupiter,0.003186
504,ad_elapsed_years,0.003176
505,sav_house_6,0.003119
506,dec_ketu,0.003095
507,t_d7_mars_sign,0.003083
508,d9_moon_sign,0.003083
509,d9_sun_sign,0.003082
510,t_d7_moon_sign,0.003076
511,vel_rahu,0.003048
512,t_d30_mercury_sign,0.003042
513,t_drishti_saturn_venus,0.002934
514,t_house_moon,0.002928
515,d9_rahu_deg,0.002920
516,t_lon_mercury,0.002917
517,t_d24_saturn_sign,0.002892
518,t_drishti_mars_venus,0.002889
519,t_d3_venus_sign,0.002884
520,house_jupiter,0.002882
521,d9_venus_deg,0.002882
522,d12_mercury_sign,0.002878
523,bav_in_sign_jupiter,0.002832
524,t_dist_saturn_rahu,0.002828
525,t_house_from_sun_mercury,0.002825
526,t_combust_venus,0.002822
527,disp_depth_saturn,0.002790
528,t_house_saturn,0.002737
529,d12_mars_sign,0.002724
530,first_mars_antardasha_after_16,0.002724
531,d12_rahu_sign,0.002723
532,dist_mercury_rahu,0.002708
533,nak_pos_ketu,0.002678
534,t_drishti_saturn_rahu,0.002668
535,sav_house_9,0.002638
536,d9_venus_sign,0.002629
537,lat_jupiter,0.002615
538,t_d7_ketu_sign,0.002609
539,dasha_start_age_sun,0.002534
540,d24_mercury_sign,0.002489
541,dec_sun,0.002461
542,house_moon,0.002407
543,d3_mercury_sign,0.002373
544,nak_pos_rahu,0.002344
545,bav_in_sign_sun,0.002332
546,d9_jupiter_deg,0.002313
547,house_mercury,0.002298
548,combust_moon,0.002283
549,t_d10_ketu_sign,0.002282
550,panchanga_karana,0.002279
551,nak_sun,0.002269
552,dist_mars_jupiter,0.002245
553,t_house_from_sun_rahu,0.002239
554,aspect_orb_ketu_saturn,0.002223
555,first_ketu_antardasha_after_16,0.002204
556,house_pos_moon,0.002176
557,d12_jupiter_sign,0.002152
558,drishti_saturn_rahu,0.002148
559,t_dist_moon_venus,0.002147
560,dec_moon,0.002138
561,t_oob_mars,0.002122
562,t_house_from_sun_mars,0.002116
563,house_from_sun_moon,0.002111
564,acc_mars,0.002073
565,t_d9_mars_sign,0.002031
566,t_d4_rahu_sign,0.002031
567,t_d24_rahu_sign,0.002023
568,t_vel_jupiter,0.002019
569,aspect_orb_venus_rahu,0.001980
570,t_house_mercury,0.001962
571,aspect_orb_sun_jupiter,0.001960
572,d12_saturn_deg,0.001911
573,d10_jupiter_deg,0.001898
574,t_bav_in_sign_sun,0.001881
575,d10_mercury_sign,0.001875
576,t_bav_in_sign_jupiter,0.001850
577,jerk_saturn,0.001844
578,dec_saturn,0.001838
579,dec_venus,0.001828
580,sav_house_3,0.001687
581,drishti_rahu_mercury,0.001628
582,t_d3_ketu_sign,0.001614
583,t_tithi_angle,0.001607
584,t_dist_mercury_rahu,0.001597
585,house_ketu,0.001562
586,t_sav_house_4,0.001506
587,d30_venus_sign,0.001500
588,t_drishti_saturn_mars,0.001488
589,house_from_moon_ketu,0.001480
590,aspect_orb_rahu_venus,0.001474
591,t_sav_house_6,0.001467
592,d2_rahu_sign,0.001452
593,d7_mercury_sign,0.001391
594,d3_venus_sign,0.001375
595,d10_rahu_sign,0.001370
596,disp_depth_moon,0.001359
597,lon_rahu,0.001339
598,t_d7_rahu_sign,0.001338
599,house_pos_saturn,0.001328
600,house_saturn,0.001284
601,dist_moon_venus,0.001280
602,d3_mars_sign,0.001269
603,aspect_orb_venus_saturn,0.001262
604,d4_sun_sign,0.001247
605,t_house_from_moon_venus,0.001234
606,aspect_orb_jupiter_saturn,0.001181
607,aspect_orb_rahu_sun,0.001170
608,transit_bav_moon,0.001169
609,t_d30_sun_sign,0.001157
610,t_house_venus,0.001131
611,dist_sun_saturn,0.001123
612,t_house_from_sun_venus,0.001119
613,sav_house_8,0.001109
614,dist_moon_jupiter,0.001098
615,d10_mars_sign,0.001090
616,dasha_start_age_rahu,0.001072
617,acc_saturn,0.001070
618,t_yoga_gajakesari,0.001034
619,t_bav_in_sign_moon,0.001026
620,lon_mercury,0.000991
621,t_vel_sun,0.000920
622,t_dec_sun,0.000905
623,t_disp_depth_sun,0.000898
624,stationary_jupiter,0.000895
625,t_d9_ketu_sign,0.000894
626,drishti_ketu_moon,0.000857
627,tattva_rahu,0.000854
628,panchanga_tithi,0.000851
629,d4_rahu_sign,0.000817
630,d24_rahu_sign,0.000815
631,d10_ketu_sign,0.000807
632,t_yoga_malavya,0.000790
633,drishti_mercury_saturn,0.000786
634,sav_house_12,0.000784
635,sav_house_7,0.000764
636,yoga_bhadra,0.000744
637,t_panchanga_karana,0.000740
638,disp_depth_ketu,0.000740
639,t_drishti_mars_jupiter,0.000732
640,d30_saturn_sign,0.000724
641,t_tattva_rahu,0.000681
642,house_from_sun_mercury,0.000675
643,t_d9_mercury_sign,0.000670
644,t_d24_mercury_sign,0.000657
645,house_from_moon_sun,0.000637
646,d12_mercury_deg,0.000631
647,d4_venus_sign,0.000622
648,t_oob_rahu,0.000622
649,t_combust_mercury,0.000531
650,house_rahu,0.000528
651,dist_sun_mars,0.000526
652,house_from_sun_rahu,0.000524
653,dasha_start_age_venus,0.000510
654,tithi_angle,0.000492
655,disp_depth_rahu,0.000470
656,sav_house_5,0.000455
657,t_d12_ketu_sign,0.000451
658,dasha_start_age_mercury,0.000396
659,drishti_jupiter_saturn,0.000390
660,drishti_mars_moon,0.000387
661,t_d2_saturn_sign,0.000353
662,d7_rahu_sign,0.000343
663,d7_ketu_sign,0.000322
664,d3_jupiter_sign,0.000305
665,lat_sun,0.000272
666,d12_ketu_sign,0.000197
667,house_sun,0.000000
668,nak_moon,0.000000
669,nak_mars,0.000000
670,nak_mercury,0.000000
671,nak_jupiter,0.000000
672,nak_venus,0.000000
673,nak_saturn,0.000000
674,nak_rahu,0.000000
675,nak_ketu,0.000000
676,tattva_ketu,0.000000
677,dist_sun_ketu,0.000000
678,dist_moon_ketu,0.000000
679,dist_mars_ketu,0.000000
680,dist_mercury_saturn,0.000000
681,dist_mercury_ketu,0.000000
682,dist_venus_ketu,0.000000
683,dist_saturn_ketu,0.000000
684,dist_rahu_ketu,0.000000
685,rx_sun,0.000000
686,stationary_sun,0.000000
687,combust_sun,0.000000
688,oob_sun,0.000000
689,rx_moon,0.000000
690,stationary_moon,0.000000
691,oob_moon,0.000000
692,rx_mars,0.000000
693,stationary_mars,0.000000
694,combust_mars,0.000000
695,oob_mars,0.000000
696,rx_mercury,0.000000
697,stationary_mercury,0.000000
698,combust_mercury,0.000000
699,oob_mercury,0.000000
700,rx_jupiter,0.000000
701,combust_jupiter,0.000000
702,oob_jupiter,0.000000
703,rx_venus,0.000000
704,stationary_venus,0.000000
705,combust_venus,0.000000
706,oob_venus,0.000000
707,rx_saturn,0.000000
708,stationary_saturn,0.000000
709,combust_saturn,0.000000
710,oob_saturn,0.000000
711,rx_rahu,0.000000
712,stationary_rahu,0.000000
713,combust_rahu,0.000000
714,lat_rahu,0.000000
715,oob_rahu,0.000000
716,vel_ketu,0.000000
717,rx_ketu,0.000000
718,stationary_ketu,0.000000
719,combust_ketu,0.000000
720,lat_ketu,0.000000
721,oob_ketu,0.000000
722,sav_house_2,0.000000
723,bav_in_sign_mars,0.000000
724,bav_in_sign_mercury,0.000000
725,bav_in_sign_venus,0.000000
726,bav_in_sign_saturn,0.000000
727,d9_jupiter_sign,0.000000
728,d10_jupiter_sign,0.000000
729,disp_depth_sun,0.000000
730,disp_depth_mars,0.000000
731,disp_depth_mercury,0.000000
732,disp_depth_jupiter,0.000000
733,disp_depth_venus,0.000000
734,lagna_sign,0.000000
735,acc_ketu,0.000000
736,jerk_ketu,0.000000
737,drishti_sun_sun,0.000000
738,drishti_sun_moon,0.000000
739,drishti_sun_mars,0.000000
740,drishti_sun_mercury,0.000000
741,drishti_sun_jupiter,0.000000
742,drishti_sun_venus,0.000000
743,drishti_sun_saturn,0.000000
744,drishti_sun_rahu,0.000000
745,drishti_sun_ketu,0.000000
746,drishti_moon_sun,0.000000
747,drishti_moon_moon,0.000000
748,drishti_moon_mars,0.000000
749,drishti_moon_mercury,0.000000
750,drishti_moon_jupiter,0.000000
751,drishti_moon_venus,0.000000
752,drishti_moon_saturn,0.000000
753,drishti_moon_rahu,0.000000
754,drishti_moon_ketu,0.000000
755,drishti_mars_sun,0.000000
756,drishti_mars_mars,0.000000
757,drishti_mars_mercury,0.000000
758,drishti_mars_jupiter,0.000000
759,drishti_mars_venus,0.000000
760,drishti_mars_saturn,0.000000
761,drishti_mars_rahu,0.000000
762,drishti_mars_ketu,0.000000
763,drishti_mercury_sun,0.000000
764,drishti_mercury_moon,0.000000
765,drishti_mercury_mars,0.000000
766,drishti_mercury_mercury,0.000000
767,drishti_mercury_jupiter,0.000000
768,drishti_mercury_venus,0.000000
769,drishti_mercury_rahu,0.000000
770,drishti_mercury_ketu,0.000000
771,drishti_jupiter_sun,0.000000
772,drishti_jupiter_moon,0.000000
773,drishti_jupiter_mars,0.000000
774,drishti_jupiter_mercury,0.000000
775,drishti_jupiter_jupiter,0.000000
776,drishti_jupiter_venus,0.000000
777,drishti_jupiter_rahu,0.000000
778,drishti_jupiter_ketu,0.000000
779,drishti_venus_sun,0.000000
780,drishti_venus_moon,0.000000
781,drishti_venus_mars,0.000000
782,drishti_venus_mercury,0.000000
783,drishti_venus_jupiter,0.000000
784,drishti_venus_venus,0.000000
785,drishti_venus_saturn,0.000000
786,drishti_venus_rahu,0.000000
787,drishti_venus_ketu,0.000000
788,drishti_saturn_sun,0.000000
789,drishti_saturn_mars,0.000000
790,drishti_saturn_mercury,0.000000
791,drishti_saturn_jupiter,0.000000
792,drishti_saturn_venus,0.000000
793,drishti_saturn_saturn,0.000000
794,drishti_saturn_ketu,0.000000
795,drishti_rahu_moon,0.000000
796,drishti_rahu_mars,0.000000
797,drishti_rahu_jupiter,0.000000
798,drishti_rahu_venus,0.000000
799,drishti_rahu_saturn,0.000000
800,drishti_rahu_rahu,0.000000
801,drishti_rahu_ketu,0.000000
802,drishti_ketu_sun,0.000000
803,drishti_ketu_mars,0.000000
804,drishti_ketu_mercury,0.000000
805,drishti_ketu_jupiter,0.000000
806,drishti_ketu_venus,0.000000
807,drishti_ketu_saturn,0.000000
808,drishti_ketu_rahu,0.000000
809,drishti_ketu_ketu,0.000000
810,d2_sun_sign,0.000000
811,d2_moon_sign,0.000000
812,d2_mercury_sign,0.000000
813,d2_jupiter_sign,0.000000
814,d2_venus_sign,0.000000
815,d2_saturn_sign,0.000000
816,d2_ketu_sign,0.000000
817,d3_moon_sign,0.000000
818,d3_ketu_sign,0.000000
819,d4_moon_sign,0.000000
820,d4_saturn_sign,0.000000
821,d7_sun_sign,0.000000
822,d7_mars_sign,0.000000
823,d12_sun_sign,0.000000
824,d12_venus_sign,0.000000
825,d24_sun_sign,0.000000
826,d24_venus_sign,0.000000
827,d24_ketu_sign,0.000000
828,d30_ketu_sign,0.000000
829,house_from_sun_sun,0.000000
830,house_from_moon_moon,0.000000
831,house_from_moon_venus,0.000000
832,house_from_sun_venus,0.000000
833,house_from_sun_ketu,0.000000
834,panchanga_paksha,0.000000
835,panchanga_vara,0.000000
836,yoga_hamsa,0.000000
837,yoga_malavya,0.000000
838,yoga_ruchaka,0.000000
839,yoga_sasa,0.000000
840,yoga_gajakesari,0.000000
841,yoga_budha_aditya,0.000000
842,aspect_orb_sun_sun,0.000000
843,aspect_orb_sun_mercury,0.000000
844,aspect_orb_sun_venus,0.000000
845,aspect_orb_sun_ketu,0.000000
846,aspect_orb_moon_sun,0.000000
847,aspect_orb_moon_moon,0.000000
848,aspect_orb_moon_ketu,0.000000
849,aspect_orb_mars_mars,0.000000
850,aspect_orb_mercury_sun,0.000000
851,aspect_orb_mercury_moon,0.000000
852,aspect_orb_mercury_mercury,0.000000
853,aspect_orb_mercury_venus,0.000000
854,aspect_orb_mercury_ketu,0.000000
855,aspect_orb_jupiter_jupiter,0.000000
856,aspect_orb_venus_sun,0.000000
857,aspect_orb_venus_moon,0.000000
858,aspect_orb_venus_mercury,0.000000
859,aspect_orb_venus_venus,0.000000
860,aspect_orb_venus_ketu,0.000000
861,aspect_orb_saturn_venus,0.000000
862,aspect_orb_saturn_saturn,0.000000
863,aspect_orb_rahu_jupiter,0.000000
864,aspect_orb_rahu_rahu,0.000000
865,aspect_orb_rahu_ketu,0.000000
866,aspect_orb_ketu_jupiter,0.000000
867,aspect_orb_ketu_rahu,0.000000
868,aspect_orb_ketu_ketu,0.000000
869,moon_phase_normalized,0.000000
870,d9_ketu_deg,0.000000
871,d10_ketu_deg,0.000000
872,d12_ketu_deg,0.000000
873,t_nak_sun,0.000000
874,t_house_sun,0.000000
875,t_nak_moon,0.000000
876,t_nak_mars,0.000000
877,t_nak_mercury,0.000000
878,t_nak_jupiter,0.000000
879,t_house_jupiter,0.000000
880,t_nak_venus,0.000000
881,t_nak_saturn,0.000000
882,t_nak_rahu,0.000000
883,t_house_rahu,0.000000
884,t_nak_ketu,0.000000
885,t_house_ketu,0.000000
886,t_dist_mercury_ketu,0.000000
887,t_dist_jupiter_ketu,0.000000
888,t_dist_rahu_ketu,0.000000
889,t_rx_sun,0.000000
890,t_stationary_sun,0.000000
891,t_combust_sun,0.000000
892,t_oob_sun,0.000000
893,t_rx_moon,0.000000
894,t_stationary_moon,0.000000
895,t_combust_moon,0.000000
896,t_oob_moon,0.000000
897,t_rx_mars,0.000000
898,t_stationary_mars,0.000000
899,t_rx_mercury,0.000000
900,t_stationary_mercury,0.000000
901,t_oob_mercury,0.000000
902,t_rx_jupiter,0.000000
903,t_stationary_jupiter,0.000000
904,t_oob_jupiter,0.000000
905,t_rx_venus,0.000000
906,t_stationary_venus,0.000000
907,t_oob_venus,0.000000
908,t_rx_saturn,0.000000
909,t_stationary_saturn,0.000000
910,t_combust_saturn,0.000000
911,t_oob_saturn,0.000000
912,t_rx_rahu,0.000000
913,t_stationary_rahu,0.000000
914,t_combust_rahu,0.000000
915,t_lat_rahu,0.000000
916,t_vel_ketu,0.000000
917,t_rx_ketu,0.000000
918,t_stationary_ketu,0.000000
919,t_combust_ketu,0.000000
920,t_lat_ketu,0.000000
921,t_dec_ketu,0.000000
922,t_oob_ketu,0.000000
923,t_sav_house_2,0.000000
924,t_bav_in_sign_mercury,0.000000
925,t_bav_in_sign_saturn,0.000000
926,t_d9_jupiter_sign,0.000000
927,t_disp_depth_mercury,0.000000
928,t_disp_depth_jupiter,0.000000
929,t_disp_depth_venus,0.000000
930,t_disp_depth_saturn,0.000000
931,t_disp_depth_rahu,0.000000
932,t_dispositor_ketu,0.000000
933,t_lagna_sign,0.000000
934,t_acc_ketu,0.000000
935,t_jerk_ketu,0.000000
936,t_drishti_sun_sun,0.000000
937,t_drishti_sun_moon,0.000000
938,t_drishti_sun_mars,0.000000
939,t_drishti_sun_mercury,0.000000
940,t_drishti_sun_jupiter,0.000000
941,t_drishti_sun_venus,0.000000
942,t_drishti_sun_saturn,0.000000
943,t_drishti_sun_rahu,0.000000
944,t_drishti_sun_ketu,0.000000
945,t_drishti_moon_sun,0.000000
946,t_drishti_moon_moon,0.000000
947,t_drishti_moon_mars,0.000000
948,t_drishti_moon_mercury,0.000000
949,t_drishti_moon_jupiter,0.000000
950,t_drishti_moon_venus,0.000000
951,t_drishti_moon_saturn,0.000000
952,t_drishti_moon_rahu,0.000000
953,t_drishti_moon_ketu,0.000000
954,t_drishti_mars_sun,0.000000
955,t_drishti_mars_mars,0.000000
956,t_drishti_mars_mercury,0.000000
957,t_drishti_mars_saturn,0.000000
958,t_drishti_mars_rahu,0.000000
959,t_drishti_mars_ketu,0.000000
960,t_drishti_mercury_sun,0.000000
961,t_drishti_mercury_moon,0.000000
962,t_drishti_mercury_mars,0.000000
963,t_drishti_mercury_mercury,0.000000
964,t_drishti_mercury_jupiter,0.000000
965,t_drishti_mercury_venus,0.000000
966,t_drishti_mercury_saturn,0.000000
967,t_drishti_mercury_rahu,0.000000
968,t_drishti_mercury_ketu,0.000000
969,t_drishti_jupiter_sun,0.000000
970,t_drishti_jupiter_moon,0.000000
971,t_drishti_jupiter_mars,0.000000
972,t_drishti_jupiter_jupiter,0.000000
973,t_drishti_jupiter_venus,0.000000
974,t_drishti_jupiter_saturn,0.000000
975,t_drishti_jupiter_rahu,0.000000
976,t_drishti_jupiter_ketu,0.000000
977,t_drishti_venus_sun,0.000000
978,t_drishti_venus_moon,0.000000
979,t_drishti_venus_mars,0.000000
980,t_drishti_venus_mercury,0.000000
981,t_drishti_venus_jupiter,0.000000
982,t_drishti_venus_venus,0.000000
983,t_drishti_venus_saturn,0.000000
984,t_drishti_venus_rahu,0.000000
985,t_drishti_venus_ketu,0.000000
986,t_drishti_saturn_moon,0.000000
987,t_drishti_saturn_mercury,0.000000
988,t_drishti_saturn_jupiter,0.000000
989,t_drishti_saturn_saturn,0.000000
990,t_drishti_saturn_ketu,0.000000
991,t_drishti_rahu_sun,0.000000
992,t_drishti_rahu_mars,0.000000
993,t_drishti_rahu_mercury,0.000000
994,t_drishti_rahu_jupiter,0.000000
995,t_drishti_rahu_venus,0.000000
996,t_drishti_rahu_saturn,0.000000
997,t_drishti_rahu_rahu,0.000000
998,t_drishti_rahu_ketu,0.000000
999,t_drishti_ketu_sun,0.000000
1000,t_drishti_ketu_moon,0.000000
1001,t_drishti_ketu_mars,0.000000
1002,t_drishti_ketu_mercury,0.000000
1003,t_drishti_ketu_jupiter,0.000000
1004,t_drishti_ketu_venus,0.000000
1005,t_drishti_ketu_saturn,0.000000
1006,t_drishti_ketu_rahu,0.000000
1007,t_drishti_ketu_ketu,0.000000
1008,t_d2_moon_sign,0.000000
1009,t_d2_mars_sign,0.000000
1010,t_d2_jupiter_sign,0.000000
1011,t_d2_venus_sign,0.000000
1012,t_d2_rahu_sign,0.000000
1013,t_d2_ketu_sign,0.000000
1014,t_d3_moon_sign,0.000000
1015,t_d4_ketu_sign,0.000000
1016,t_d24_moon_sign,0.000000
1017,t_d24_ketu_sign,0.000000
1018,t_d30_ketu_sign,0.000000
1019,t_house_from_sun_sun,0.000000
1020,t_house_from_moon_moon,0.000000
1021,t_house_from_moon_mercury,0.000000
1022,t_house_from_sun_jupiter,0.000000
1023,t_house_from_sun_saturn,0.000000
1024,t_house_from_sun_ketu,0.000000
1025,t_panchanga_tithi,0.000000
1026,t_panchanga_paksha,0.000000
1027,t_yoga_bhadra,0.000000
1028,t_yoga_hamsa,0.000000
1029,t_yoga_ruchaka,0.000000
1030,t_yoga_sasa,0.000000
1031,t_yoga_budha_aditya,0.000000
1032,t_aspect_orb_sun_sun,0.000000
1033,t_aspect_orb_sun_mercury,0.000000
1034,t_aspect_orb_sun_venus,0.000000
1035,t_aspect_orb_sun_ketu,0.000000
1036,t_aspect_orb_moon_sun,0.000000
1037,t_aspect_orb_moon_moon,0.000000
1038,t_aspect_orb_moon_ketu,0.000000
1039,t_aspect_orb_mars_mars,0.000000
1040,t_aspect_orb_mercury_sun,0.000000
1041,t_aspect_orb_mercury_moon,0.000000
1042,t_aspect_orb_mercury_mercury,0.000000
1043,t_aspect_orb_mercury_venus,0.000000
1044,t_aspect_orb_mercury_ketu,0.000000
1045,t_aspect_orb_jupiter_jupiter,0.000000
1046,t_aspect_orb_venus_sun,0.000000
1047,t_aspect_orb_venus_moon,0.000000
1048,t_aspect_orb_venus_mercury,0.000000
1049,t_aspect_orb_venus_venus,0.000000
1050,t_aspect_orb_venus_ketu,0.000000
1051,t_aspect_orb_saturn_saturn,0.000000
1052,t_aspect_orb_rahu_jupiter,0.000000
1053,t_aspect_orb_rahu_rahu,0.000000
1054,t_aspect_orb_rahu_ketu,0.000000
1055,t_aspect_orb_ketu_jupiter,0.000000
1056,t_aspect_orb_ketu_rahu,0.000000
1057,t_aspect_orb_ketu_ketu,0.000000
1058,t_moon_phase_normalized,0.000000
1059,t_d9_ketu_deg,0.000000
1060,t_d10_ketu_deg,0.000000
1061,t_d12_ketu_deg,0.000000
1062,cross_lon_ketu,0.000000
1063,kantaka_shani,0.000000
1064,ashtama_shani,0.000000
