id,type,event_class,house,label,n,effect,null,lift,stat,p,fdr_pass
H087,karaka,relationship,5.0,relationship ← karaka Jupiter of 5th [exposure],551,0.2033,0.1333,1.525,4.83,6.857895406195918e-07,True
H091,karaka,death,8.0,death ← karaka Saturn of 8th [exposure],2695,0.1866,0.1583,1.179,4.03,2.840296018665767e-05,True
H092,karaka,family,2.0,family ← karaka Jupiter of 2th [exposure],956,0.1705,0.1333,1.279,3.38,0.00036145643516501504,True
H088,karaka,career,10.0,career ← karaka Sun/Mercury/Jupiter/Saturn of 10th [exposure],6702,0.5016,0.4833,1.038,3.0,0.0013531922862376354,True
H001,sig_md,marriage,7.0,marriage ← 7th-lord (spouse) [MD],1750,0.1354,0.1175,1.153,2.19,0.01998001998001998,False
H057,sig_md,health,12.0,health ← 12th-lord (hospital) [MD],763,0.1389,0.1123,1.237,1.98,0.029970029970029972,False
H098,age,career,,"career age ~ strength(10,): ρ? stronger 10th → ?",2340,-0.044,0.0,,-2.13,0.031,False
H056,sig_ad,health,8.0,health ← 8th-lord (chronic) [AD],763,0.1415,0.1191,1.188,1.88,0.03296703296703297,False
H100,d9,marriage,7.0,marriage ← navamsa dispositor of 7th-lord [D9],1750,0.128,0.1134,1.129,1.84,0.03296703296703297,False
H042,sig_ad,education,4.0,education ← 4th-lord (schooling) [AD],422,0.1517,0.1215,1.248,1.97,0.03596403596403597,False
H094,age,marriage,,"marriage age ~ strength(7,): ρ<0 stronger 7th → earlier",1200,-0.0601,0.0,,-2.1,0.038,False
H050,sig_ad,education,3.0,education ← 3th-lord (skill) [AD],422,0.1422,0.1179,1.206,1.56,0.06993006993006994,False
H032,sig_ad,career,6.0,career ← 6th-lord (service) [AD],6702,0.1325,0.126,1.052,1.52,0.07092907092907093,False
H029,sig_md,career,10.0,career ← 10th-lord (karma) [MD],6702,0.1216,0.1144,1.063,1.28,0.1068931068931069,False
H095,age,marriage,,"marriage age ~ strength(2, 7, 11): ρ<0 stronger trine → earlier",1200,-0.046,0.0,,-1.6,0.1069,False
H071,sig_md,family,2.0,family ← 2th-lord (kutumba) [MD],956,0.137,0.1201,1.141,1.26,0.11788211788211789,False
H047,sig_md,education,9.0,education ← 9th-lord (higher) [MD],422,0.1327,0.1098,1.209,1.26,0.12187812187812187,False
H014,sig_ad,divorce,6.0,divorce ← 6th-lord (separation) [AD],422,0.1445,0.1255,1.151,1.16,0.13086913086913088,False
H059,sig_md,death,8.0,death ← 8th-lord (longevity) [MD],2695,0.1328,0.125,1.062,1.16,0.13386613386613386,False
H025,sig_md,relationship,11.0,relationship ← 11th-lord (desire) [MD],551,0.127,0.1102,1.152,1.06,0.15884115884115885,False
H060,sig_ad,death,8.0,death ← 8th-lord (longevity) [AD],2695,0.1284,0.1228,1.046,0.93,0.17382617382617382,False
H045,sig_md,education,2.0,education ← 2th-lord (learning) [MD],422,0.128,0.1097,1.166,1.01,0.17782217782217782,False
H015,sig_md,divorce,8.0,divorce ← 8th-lord (rupture) [MD],422,0.1351,0.1199,1.127,0.91,0.2017982017982018,False
H011,sig_md,divorce,7.0,divorce ← 7th-lord (spouse) [MD],422,0.1351,0.1206,1.12,0.88,0.21478521478521478,False
H075,sig_md,family,7.0,family ← 7th-lord (kin) [MD],956,0.136,0.1249,1.089,0.79,0.21678321678321677,False
H010,sig_ad,marriage,8.0,marriage ← 8th-lord (mangalya) [AD],1750,0.1291,0.1236,1.045,0.69,0.24775224775224775,False
H031,sig_md,career,6.0,career ← 6th-lord (service) [MD],6702,0.1297,0.126,1.029,0.63,0.2627372627372627,False
H101,d9,career,10.0,career ← navamsa dispositor of 10th-lord [D9],6702,0.1219,0.1189,1.025,0.55,0.29270729270729273,False
H072,sig_ad,family,2.0,family ← 2th-lord (kutumba) [AD],956,0.1276,0.1223,1.043,0.52,0.32967032967032966,False
H046,sig_ad,education,2.0,education ← 2th-lord (learning) [AD],422,0.1209,0.1136,1.064,0.49,0.33966033966033965,False
H069,sig_md,death,1.0,death ← 1th-lord (vitality) [MD],2695,0.1184,0.1159,1.022,0.39,0.34765234765234765,False
H073,sig_md,family,4.0,family ← 4th-lord (home) [MD],956,0.1297,0.1244,1.043,0.4,0.3626373626373626,False
H027,sig_md,relationship,8.0,relationship ← 8th-lord (passion) [MD],551,0.1252,0.1192,1.051,0.37,0.3706293706293706,False
H044,sig_ad,education,5.0,education ← 5th-lord (intellect) [AD],422,0.128,0.1227,1.043,0.34,0.3956043956043956,False
H082,sig_ad,personal,5.0,personal ← 5th-lord (mind) [AD],419,0.1241,0.1192,1.041,0.32,0.4015984015984016,False
H004,sig_ad,marriage,2.0,marriage ← 2th-lord (family) [AD],1750,0.1217,0.1194,1.019,0.3,0.4045954045954046,False
H024,sig_ad,relationship,7.0,relationship ← 7th-lord (partner) [AD],551,0.127,0.1235,1.029,0.24,0.4065934065934066,False
H102,d9,death,8.0,death ← navamsa dispositor of 8th-lord [D9],2695,0.1224,0.1211,1.012,0.21,0.41058941058941056,False
H062,sig_ad,death,2.0,death ← 2th-lord (maraka) [AD],2695,0.1202,0.1191,1.01,0.18,0.44655344655344653,False
H049,sig_md,education,3.0,education ← 3th-lord (skill) [MD],422,0.1137,0.1113,1.022,0.14,0.4675324675324675,False
H022,sig_ad,relationship,5.0,relationship ← 5th-lord (romance) [AD],551,0.1252,0.1235,1.014,0.12,0.4755244755244755,False
H083,sig_md,personal,10.0,personal ← 10th-lord (status) [MD],419,0.1146,0.1133,1.011,0.07,0.4755244755244755,False
H063,sig_md,death,7.0,death ← 7th-lord (maraka) [MD],2695,0.1273,0.127,1.002,0.04,0.4865134865134865,False
H053,sig_md,health,6.0,health ← 6th-lord (disease) [MD],763,0.1258,0.125,1.006,0.06,0.4905094905094905,False
H093,karaka,personal,1.0,personal ← karaka Sun of 1th [exposure],419,0.0501,0.05,1.002,0.01,0.49552887139537466,False
H103,d9,health,6.0,health ← navamsa dispositor of 6th-lord [D9],763,0.1193,0.1187,1.005,0.04,0.5084915084915085,False
H023,sig_md,relationship,7.0,relationship ← 7th-lord (partner) [MD],551,0.1198,0.1202,0.996,-0.03,0.5214785214785215,False
H034,sig_ad,career,11.0,career ← 11th-lord (gains) [AD],6702,0.1183,0.1186,0.998,-0.06,0.5274725274725275,False
H017,sig_md,divorce,12.0,divorce ← 12th-lord (loss) [MD],422,0.1114,0.1122,0.993,-0.05,0.5374625374625375,False
H037,sig_md,career,1.0,career ← 1th-lord (self) [MD],6702,0.1125,0.1131,0.995,-0.11,0.5394605394605395,False
H038,sig_ad,career,1.0,career ← 1th-lord (self) [AD],6702,0.1188,0.1191,0.997,-0.09,0.5514485514485514,False
H041,sig_md,education,4.0,education ← 4th-lord (schooling) [MD],422,0.1114,0.1131,0.985,-0.09,0.5564435564435565,False
H002,sig_ad,marriage,7.0,marriage ← 7th-lord (spouse) [AD],1750,0.1234,0.1244,0.992,-0.12,0.5694305694305695,False
H028,sig_ad,relationship,8.0,relationship ← 8th-lord (passion) [AD],551,0.1216,0.1229,0.989,-0.09,0.5714285714285714,False
H097,age,death,,"death age ~ strength(8,): ρ>0 stronger 8th → later",2030,-0.0124,0.0,,-0.57,0.5794,False
H006,sig_ad,marriage,11.0,marriage ← 11th-lord (fulfilment) [AD],1750,0.1171,0.1185,0.989,-0.17,0.5854145854145855,False
H061,sig_md,death,2.0,death ← 2th-lord (maraka) [MD],2695,0.1169,0.1185,0.986,-0.25,0.6073926073926074,False
H078,sig_ad,family,3.0,family ← 3th-lord (siblings) [AD],956,0.1224,0.1249,0.98,-0.24,0.6143856143856143,False
H077,sig_md,family,3.0,family ← 3th-lord (siblings) [MD],956,0.1182,0.1226,0.964,-0.31,0.6283716283716284,False
H096,age,death,,"death age ~ strength(1, 8): ρ>0 stronger lagna/8th → later",2030,-0.0106,0.0,,-0.48,0.6294,False
H033,sig_md,career,11.0,career ← 11th-lord (gains) [MD],6702,0.1109,0.1127,0.983,-0.33,0.6313686313686314,False
H099,age,education,,"education age ~ strength(4, 5): ρ? stronger 4/5 → ?",292,-0.0278,0.0,,-0.46,0.6344,False
H021,sig_md,relationship,5.0,relationship ← 5th-lord (romance) [MD],551,0.1162,0.1218,0.953,-0.34,0.6473526473526473,False
H030,sig_ad,career,10.0,career ← 10th-lord (karma) [AD],6702,0.1176,0.1195,0.984,-0.45,0.6903096903096904,False
H084,sig_ad,personal,10.0,personal ← 10th-lord (status) [AD],419,0.1122,0.1187,0.945,-0.42,0.6903096903096904,False
H070,sig_ad,death,1.0,death ← 1th-lord (vitality) [AD],2695,0.1154,0.1183,0.976,-0.46,0.6933066933066933,False
H013,sig_md,divorce,6.0,divorce ← 6th-lord (separation) [MD],422,0.1137,0.1217,0.935,-0.48,0.6973026973026973,False
H067,sig_md,death,12.0,death ← 12th-lord (moksha) [MD],2695,0.1117,0.115,0.971,-0.55,0.7142857142857143,False
H020,sig_ad,divorce,1.0,divorce ← 1th-lord (self) [AD],422,0.1137,0.1235,0.921,-0.57,0.7272727272727273,False
H055,sig_md,health,8.0,health ← 8th-lord (chronic) [MD],763,0.1127,0.1216,0.927,-0.65,0.7512487512487512,False
H026,sig_ad,relationship,11.0,relationship ← 11th-lord (desire) [AD],551,0.1089,0.1185,0.919,-0.69,0.7792207792207793,False
H066,sig_ad,death,6.0,death ← 6th-lord (illness) [AD],2695,0.1176,0.1224,0.961,-0.75,0.7852147852147852,False
H054,sig_ad,health,6.0,health ← 6th-lord (disease) [AD],763,0.1101,0.1197,0.92,-0.81,0.8041958041958042,False
H064,sig_ad,death,7.0,death ← 7th-lord (maraka) [AD],2695,0.1176,0.1232,0.954,-0.86,0.8051948051948052,False
H065,sig_md,death,6.0,death ← 6th-lord (illness) [MD],2695,0.1221,0.1277,0.956,-0.83,0.8061938061938062,False
H081,sig_md,personal,5.0,personal ← 5th-lord (mind) [MD],419,0.1074,0.1225,0.877,-0.9,0.8251748251748252,False
H039,sig_md,career,9.0,career ← 9th-lord (fortune) [MD],6702,0.1128,0.1181,0.955,-0.92,0.8261738261738262,False
H009,sig_md,marriage,8.0,marriage ← 8th-lord (mangalya) [MD],1750,0.1086,0.1162,0.935,-0.91,0.8321678321678322,False
H052,sig_ad,health,1.0,health ← 1th-lord (body) [AD],763,0.1022,0.1123,0.91,-0.87,0.8321678321678322,False
H016,sig_ad,divorce,8.0,divorce ← 8th-lord (rupture) [AD],422,0.1114,0.1268,0.879,-0.95,0.8421578421578422,False
H012,sig_ad,divorce,7.0,divorce ← 7th-lord (spouse) [AD],422,0.1114,0.1263,0.882,-0.92,0.8471528471528471,False
H036,sig_ad,career,2.0,career ← 2th-lord (wealth) [AD],6702,0.1156,0.12,0.963,-1.05,0.8521478521478522,False
H080,sig_ad,personal,1.0,personal ← 1th-lord (self) [AD],419,0.105,0.1187,0.884,-0.89,0.8521478521478522,False
H076,sig_ad,family,7.0,family ← 7th-lord (kin) [AD],956,0.1161,0.1273,0.912,-1.05,0.8561438561438561,False
H040,sig_ad,career,9.0,career ← 9th-lord (fortune) [AD],6702,0.1171,0.1217,0.963,-1.09,0.8601398601398601,False
H079,sig_md,personal,1.0,personal ← 1th-lord (self) [MD],419,0.0955,0.1117,0.854,-0.98,0.8671328671328671,False
H043,sig_md,education,5.0,education ← 5th-lord (intellect) [MD],422,0.0948,0.1138,0.833,-1.04,0.8691308691308691,False
H007,sig_md,marriage,5.0,marriage ← 5th-lord (romance) [MD],1750,0.108,0.1184,0.913,-1.26,0.9110889110889111,False
H008,sig_ad,marriage,5.0,marriage ← 5th-lord (romance) [AD],1750,0.1143,0.1241,0.921,-1.25,0.9110889110889111,False
H019,sig_md,divorce,1.0,divorce ← 1th-lord (self) [MD],422,0.09,0.1117,0.806,-1.36,0.9280719280719281,False
H074,sig_ad,family,4.0,family ← 4th-lord (home) [AD],956,0.1109,0.1265,0.877,-1.49,0.938061938061938,False
H005,sig_md,marriage,11.0,marriage ← 11th-lord (fulfilment) [MD],1750,0.0977,0.1094,0.893,-1.46,0.9400599400599401,False
H035,sig_md,career,2.0,career ← 2th-lord (wealth) [MD],6702,0.107,0.1162,0.92,-1.58,0.9470529470529471,False
H090,karaka,health,1.0,health ← karaka Sun of 1th [exposure],763,0.0367,0.05,0.734,-1.69,0.954101875313655,False
H068,sig_ad,death,12.0,death ← 12th-lord (moksha) [AD],2695,0.1076,0.119,0.904,-1.77,0.967032967032967,False
H086,karaka,divorce,7.0,divorce ← karaka Venus of 7th [exposure],422,0.1327,0.1667,0.796,-1.87,0.9694120157203873,False
H003,sig_md,marriage,2.0,marriage ← 2th-lord (family) [MD],1750,0.0971,0.1117,0.869,-1.79,0.975024975024975,False
H051,sig_md,health,1.0,health ← 1th-lord (body) [MD],763,0.0878,0.1138,0.772,-1.97,0.98001998001998,False
H089,karaka,education,4.0,education ← karaka Moon of 4th [exposure],422,0.0545,0.0833,0.654,-2.14,0.9839391150799439,False
H048,sig_ad,education,9.0,education ← 9th-lord (higher) [AD],422,0.0853,0.1155,0.739,-2.0,0.984015984015984,False
H018,sig_ad,divorce,12.0,divorce ← 12th-lord (loss) [AD],422,0.0877,0.1221,0.718,-2.11,0.985014985014985,False
H085,karaka,marriage,7.0,marriage ← karaka Venus of 7th [exposure],1750,0.1429,0.1667,0.857,-2.67,0.9962368424167679,False
H058,sig_ad,health,12.0,health ← 12th-lord (hospital) [AD],763,0.076,0.1117,0.68,-3.09,1.0,False
